<wpml-config>
	<custom-fields>
		<custom-field action="copy">furnicom_lite_sidebar_position</custom-field>
		<custom-field action="copy">furnicom_lite_header_container_type</custom-field>
		<custom-field action="copy">furnicom_lite_content_container_type</custom-field>
		<custom-field action="copy">furnicom_lite_footer_container_type</custom-field>
		<custom-field action="copy">furnicom_lite_header_layout_type</custom-field>
		<custom-field action="copy">furnicom_lite_header_nav_panel_position</custom-field>
		<custom-field action="copy">furnicom_lite_header_transparent_layout</custom-field>
		<custom-field action="copy">furnicom_lite_header_invert_color_scheme</custom-field>
		<custom-field action="copy">furnicom_lite_top_panel_visibility</custom-field>
		<custom-field action="copy">furnicom_lite_header_top_panel_contact_block_visibility</custom-field>
		<custom-field action="copy">furnicom_lite_header_contact_block_visibility</custom-field>
		<custom-field action="copy">furnicom_lite_header_btn_visibility</custom-field>
		<custom-field action="copy">furnicom_lite_header_search</custom-field>
		<custom-field action="copy">furnicom_lite_header_menu_style</custom-field>
		<custom-field action="copy">furnicom_lite_breadcrumbs_visibillity</custom-field>
		<custom-field action="copy">furnicom_lite_footer_layout_type</custom-field>
		<custom-field action="copy">furnicom_lite_footer_widget_area_visibility</custom-field>
		<custom-field action="copy">furnicom_lite_footer_contact_block_visibility</custom-field>
	</custom-fields>
	<admin-texts>
		<key name="theme_mods_furnicom_lite">
			<key name="header_btn_text"/>
			<key name="top_panel_text"/>
			<key name="header_top_panel_contact_label_1"/>
			<key name="header_top_panel_contact_text_1"/>
			<key name="header_top_panel_contact_label_2"/>
			<key name="header_top_panel_contact_text_2"/>
			<key name="header_top_panel_contact_label_3"/>
			<key name="header_top_panel_contact_text_3"/>
			<key name="header_contact_label_1"/>
			<key name="header_contact_text_1"/>
			<key name="header_contact_label_2"/>
			<key name="header_contact_text_2"/>
			<key name="header_contact_label_3"/>
			<key name="header_contact_text_3"/>
			<key name="more_button_text"/>
			<key name="footer_copyright"/>
			<key name="footer_contact_label_1"/>
			<key name="footer_contact_text_1"/>
			<key name="footer_contact_label_2"/>
			<key name="footer_contact_text_2"/>
			<key name="footer_contact_label_3"/>
			<key name="footer_contact_text_3"/>
			<key name="blog_sticky_label"/>
			<key name="blog_read_more_text"/>
			<key name="related_posts_block_title"/>
		</key>
	</admin-texts>
</wpml-config>
